Simpsons Roasting on an Open Fire,1,1,https://www.imdb.com/title/tt0348034/ratings?ref_=tt_ov_rt,1431,880,1507,906,342,141,53,32,31,81,5404
Bart the Genius,2,1,https://www.imdb.com/title/tt0756593/ratings?ref_=tt_ov_rt,514,429,1096,823,323,94,28,10,7,43,3367
Homer's Odyssey,3,1,https://www.imdb.com/title/tt0701124/ratings?ref_=tt_ov_rt,383,235,797,895,402,118,51,26,11,40,2958
There's No Disgrace Like Home,4,1,https://www.imdb.com/title/tt0756399/ratings?ref_=tt_ov_rt,456,381,888,715,275,95,35,14,8,36,2903
Bart the General,5,1,https://www.imdb.com/title/tt0701059/ratings?ref_=tt_ov_rt,573,541,932,533,224,75,20,9,8,34,2949
Moaning Lisa,6,1,https://www.imdb.com/title/tt0701178/ratings?ref_=tt_ov_rt,451,341,763,750,292,110,53,20,7,55,2842
The Call of the Simpsons,7,1,https://www.imdb.com/title/tt0701228/ratings?ref_=tt_ov_rt,483,329,915,598,219,94,40,18,8,46,2750
The Telltale Head,8,1,https://www.imdb.com/title/tt0756398/ratings?ref_=tt_ov_rt,397,332,811,695,241,99,36,20,6,37,2674
Life on the Fast Lane,9,1,https://www.imdb.com/title/tt0701152/ratings?ref_=tt_ov_rt,360,281,708,720,347,109,55,20,12,44,2656
Homer's Night Out,10,1,https://www.imdb.com/title/tt0701123/ratings?ref_=tt_ov_rt,336,206,660,789,304,125,52,33,9,49,2563
The Crepes of Wrath,11,1,https://www.imdb.com/title/tt0701232/ratings?ref_=tt_ov_rt,420,332,864,564,216,92,37,16,8,43,2592
Krusty Gets Busted,12,1,https://www.imdb.com/title/tt0701147/ratings?ref_=tt_ov_rt,688,672,816,360,128,61,30,9,8,55,2827
Some Enchanted Evening,13,1,https://www.imdb.com/title/tt0701215/ratings?ref_=tt_ov_rt,449,320,817,604,221,94,37,18,10,36,2606
"Bart Gets an F""""",14,2,https://www.imdb.com/title/tt0763024/ratings?ref_=tt_ov_rt,649,521,911,470,136,51,25,8,10,40,2821
Simpson and Delilah,15,2,https://www.imdb.com/title/tt0701211/ratings?ref_=tt_ov_rt,569,602,846,407,128,68,13,4,4,36,2677
Treehouse of Horror,16,2,https://www.imdb.com/title/tt0701278/ratings?ref_=tt_ov_rt,796,556,817,460,169,96,30,11,10,54,2999
Two Cars in Every Garage and Three Eyes on Every Fish,17,2,https://www.imdb.com/title/tt0757023/ratings?ref_=tt_ov_rt,468,436,820,455,145,47,24,15,5,36,2451
Dancin' Homer,18,2,https://www.imdb.com/title/tt0701084/ratings?ref_=tt_ov_rt,308,239,613,713,259,110,41,20,5,49,2357
Dead Putting Society,19,2,https://www.imdb.com/title/tt0767442/ratings?ref_=tt_ov_rt,382,357,813,478,146,57,17,10,10,33,2303
Bart vs. Thanksgiving,20,2,https://www.imdb.com/title/tt0701062/ratings?ref_=tt_ov_rt,358,292,680,595,176,79,32,10,13,35,2270
Bart the Daredevil,21,2,https://www.imdb.com/title/tt0767438/ratings?ref_=tt_ov_rt,624,609,698,337,110,57,15,6,5,48,2509
Itchy & Scratchy & Marge,22,2,https://www.imdb.com/title/tt0701140/ratings?ref_=tt_ov_rt,465,424,771,419,142,44,24,12,6,37,2344
Bart Gets Hit by a Car,23,2,https://www.imdb.com/title/tt0757017/ratings?ref_=tt_ov_rt,340,298,755,561,146,60,33,17,8,36,2254
"One Fish, Two Fish, Blowfish, Blue Fish",24,2,https://www.imdb.com/title/tt0701195/ratings?ref_=tt_ov_rt,971,794,563,251,82,41,15,7,4,47,2775
The Way We Was,25,2,https://www.imdb.com/title/tt0701269/ratings?ref_=tt_ov_rt,569,480,684,353,114,58,21,10,10,43,2342
Homer vs. Lisa and the 8th Commandment,26,2,https://www.imdb.com/title/tt0767443/ratings?ref_=tt_ov_rt,385,372,749,426,139,51,23,10,13,36,2204
Principal Charming,27,2,https://www.imdb.com/title/tt0767445/ratings?ref_=tt_ov_rt,261,230,582,668,226,82,27,9,7,36,2128
"Oh Brother, Where Art Thou?",28,2,https://www.imdb.com/title/tt0701191/ratings?ref_=tt_ov_rt,526,522,718,329,112,47,22,10,6,50,2342
Bart's Dog Gets an F,29,2,https://www.imdb.com/title/tt0701063/ratings?ref_=tt_ov_rt,285,187,583,647,208,87,51,14,12,33,2107
Old Money,30,2,https://www.imdb.com/title/tt0701192/ratings?ref_=tt_ov_rt,297,221,629,573,190,70,31,13,8,31,2063
Brush with Greatness,31,2,https://www.imdb.com/title/tt0701077/ratings?ref_=tt_ov_rt,364,321,749,414,128,53,21,10,6,30,2096
Lisa's Substitute,32,2,https://www.imdb.com/title/tt0701164/ratings?ref_=tt_ov_rt,933,619,607,299,122,45,20,8,5,53,2711
The War of the Simpsons,33,2,https://www.imdb.com/title/tt0766140/ratings?ref_=tt_ov_rt,341,258,719,451,154,63,29,8,8,33,2064
Three Men and a Comic Book,34,2,https://www.imdb.com/title/tt0701275/ratings?ref_=tt_ov_rt,545,503,692,315,106,50,15,7,4,33,2270
Blood Feud,35,2,https://www.imdb.com/title/tt0767440/ratings?ref_=tt_ov_rt,324,296,747,434,124,51,18,10,4,29,2037
Stark Raving Dad,36,3,https://www.imdb.com/title/tt0701217/ratings?ref_=tt_ov_rt,1031,743,660,278,117,55,18,6,7,46,2961
Mr. Lisa Goes to Washington,37,3,https://www.imdb.com/title/tt0701183/ratings?ref_=tt_ov_rt,339,295,663,518,178,74,25,12,9,38,2151
When Flanders Failed,38,3,https://www.imdb.com/title/tt0763042/ratings?ref_=tt_ov_rt,433,455,760,351,97,46,15,10,4,38,2209
Bart the Murderer,39,3,https://www.imdb.com/title/tt0701060/ratings?ref_=tt_ov_rt,722,731,589,206,93,33,12,4,2,36,2428
Homer Defined,40,3,https://www.imdb.com/title/tt0701110/ratings?ref_=tt_ov_rt,611,561,653,304,96,39,18,3,3,32,2320
"Like Father, Like Clown",41,3,https://www.imdb.com/title/tt0701153/ratings?ref_=tt_ov_rt,334,216,675,498,182,89,31,15,5,37,2082
Treehouse of Horror II,42,3,https://www.imdb.com/title/tt0759267/ratings?ref_=tt_ov_rt,545,491,643,367,105,58,25,13,6,47,2300
Lisa's Pony,43,3,https://www.imdb.com/title/tt0701161/ratings?ref_=tt_ov_rt,330,298,671,455,135,57,30,11,5,29,2021
Saturdays of Thunder,44,3,https://www.imdb.com/title/tt0768558/ratings?ref_=tt_ov_rt,336,321,663,423,144,43,24,7,3,33,1997
Flaming Moe's,45,3,https://www.imdb.com/title/tt0701098/ratings?ref_=tt_ov_rt,997,735,508,208,65,32,17,5,4,61,2632
Burns Verkaufen der Kraftwerk,46,3,https://www.imdb.com/title/tt0769743/ratings?ref_=tt_ov_rt,456,469,676,302,85,52,12,8,3,46,2109
I Married Marge,47,3,https://www.imdb.com/title/tt0768556/ratings?ref_=tt_ov_rt,437,450,639,282,87,47,16,10,4,46,2018
Radio Bart,48,3,https://www.imdb.com/title/tt0701200/ratings?ref_=tt_ov_rt,611,621,568,251,81,37,14,6,4,49,2242
Lisa the Greek,49,3,https://www.imdb.com/title/tt0768557/ratings?ref_=tt_ov_rt,331,306,703,370,111,47,13,15,8,30,1934
Homer Alone,50,3,https://www.imdb.com/title/tt0768555/ratings?ref_=tt_ov_rt,342,344,669,360,120,41,22,9,4,29,1940
Bart the Lover,51,3,https://www.imdb.com/title/tt0768553/ratings?ref_=tt_ov_rt,467,481,683,305,84,34,17,4,1,41,2117
Homer at the Bat,52,3,https://www.imdb.com/title/tt0701114/ratings?ref_=tt_ov_rt,1058,581,449,234,117,52,12,6,1,74,2584
Separate Vocations,53,3,https://www.imdb.com/title/tt0701204/ratings?ref_=tt_ov_rt,399,413,670,293,89,39,11,6,4,43,1967
Dog of Death,54,3,https://www.imdb.com/title/tt0768554/ratings?ref_=tt_ov_rt,287,244,613,478,146,56,26,10,4,28,1892
Colonel Homer,55,3,https://www.imdb.com/title/tt0701082/ratings?ref_=tt_ov_rt,414,339,626,393,119,48,34,13,9,42,2037
Black Widower,56,3,https://www.imdb.com/title/tt0701070/ratings?ref_=tt_ov_rt,453,455,631,282,86,47,18,7,3,44,2026
The Otto Show,57,3,https://www.imdb.com/title/tt0701254/ratings?ref_=tt_ov_rt,302,241,602,511,127,59,31,14,6,33,1926
Bart's Friend Falls in Love,58,3,https://www.imdb.com/title/tt0701064/ratings?ref_=tt_ov_rt,292,235,617,473,158,45,31,11,5,30,1897
"Brother, Can You Spare Two Dimes?",59,3,https://www.imdb.com/title/tt0701076/ratings?ref_=tt_ov_rt,421,428,646,287,97,38,15,5,7,42,1986
Kamp Krusty,60,4,https://www.imdb.com/title/tt0701142/ratings?ref_=tt_ov_rt,643,601,604,263,101,46,19,9,6,51,2343
A Streetcar Named Marge,61,4,https://www.imdb.com/title/tt0701048/ratings?ref_=tt_ov_rt,511,385,683,331,131,48,25,18,4,39,2175
Homer the Heretic,62,4,https://www.imdb.com/title/tt0773647/ratings?ref_=tt_ov_rt,1229,772,451,186,76,37,12,4,8,50,2825
Lisa the Beauty Queen,63,4,https://www.imdb.com/title/tt0701154/ratings?ref_=tt_ov_rt,322,257,650,490,131,53,32,12,4,27,1978
Treehouse of Horror III,64,4,https://www.imdb.com/title/tt0758368/ratings?ref_=tt_ov_rt,670,549,539,265,130,49,20,12,4,53,2291
Itchy & Scratchy: The Movie,65,4,https://www.imdb.com/title/tt0701139/ratings?ref_=tt_ov_rt,449,463,641,319,103,45,11,10,5,45,2091
Marge Gets a Job,66,4,https://www.imdb.com/title/tt0701169/ratings?ref_=tt_ov_rt,293,252,658,455,131,45,21,14,1,26,1896
New Kid on the Block,67,4,https://www.imdb.com/title/tt0701189/ratings?ref_=tt_ov_rt,435,415,712,305,101,35,8,11,5,33,2060
Mr. Plow,68,4,https://www.imdb.com/title/tt0701184/ratings?ref_=tt_ov_rt,1002,731,523,196,74,23,8,8,7,58,2630
Lisa's First Word,69,4,https://www.imdb.com/title/tt0701160/ratings?ref_=tt_ov_rt,721,583,497,242,68,28,22,9,2,51,2223
Homer's Triple Bypass,70,4,https://www.imdb.com/title/tt0772625/ratings?ref_=tt_ov_rt,734,596,552,253,65,33,10,4,1,33,2281
Marge vs. the Monorail,71,4,https://www.imdb.com/title/tt0701173/ratings?ref_=tt_ov_rt,1646,734,423,214,76,34,15,5,8,77,3232
Selma's Choice,72,4,https://www.imdb.com/title/tt0773650/ratings?ref_=tt_ov_rt,387,321,598,396,117,49,10,12,3,28,1921
Brother from the Same Planet,73,4,https://www.imdb.com/title/tt0764185/ratings?ref_=tt_ov_rt,391,408,631,303,87,37,19,10,3,43,1932
I Love Lisa,74,4,https://www.imdb.com/title/tt0773648/ratings?ref_=tt_ov_rt,545,460,641,253,84,37,20,8,2,44,2094
Duffless,75,4,https://www.imdb.com/title/tt0763029/ratings?ref_=tt_ov_rt,511,434,598,251,81,36,15,8,4,45,1983
Last Exit to Springfield,76,4,https://www.imdb.com/title/tt0701151/ratings?ref_=tt_ov_rt,1497,706,385,180,61,29,12,12,6,65,2953
So It's Come to This: A Simpsons Clip Show,77,4,https://www.imdb.com/title/tt0773651/ratings?ref_=tt_ov_rt,236,160,367,490,277,129,43,36,12,60,1810
The Front,78,4,https://www.imdb.com/title/tt0701237/ratings?ref_=tt_ov_rt,366,325,623,316,107,25,19,5,4,36,1826
Whacking Day,79,4,https://www.imdb.com/title/tt0701292/ratings?ref_=tt_ov_rt,422,391,615,346,115,48,8,7,4,45,2001
Marge in Chains,80,4,https://www.imdb.com/title/tt0701171/ratings?ref_=tt_ov_rt,265,208,596,436,146,57,31,4,4,30,1777
Krusty Gets Kancelled,81,4,https://www.imdb.com/title/tt0701148/ratings?ref_=tt_ov_rt,481,389,605,315,100,41,22,17,4,38,2012
Homer's Barbershop Quartet,82,5,https://www.imdb.com/title/tt0701121/ratings?ref_=tt_ov_rt,740,567,547,260,112,45,21,9,5,54,2360
Cape Feare,83,5,https://www.imdb.com/title/tt0701080/ratings?ref_=tt_ov_rt,1839,731,409,186,78,34,17,6,4,80,3384
Homer Goes to College,84,5,https://www.imdb.com/title/tt0773645/ratings?ref_=tt_ov_rt,781,603,514,258,85,39,24,9,5,54,2372
Rosebud,85,5,https://www.imdb.com/title/tt0701202/ratings?ref_=tt_ov_rt,864,746,462,180,62,27,13,6,4,34,2398
Treehouse of Horror IV,86,5,https://www.imdb.com/title/tt0701279/ratings?ref_=tt_ov_rt,856,647,462,215,67,49,12,5,9,63,2385
Marge on the Lam,87,5,https://www.imdb.com/title/tt0701172/ratings?ref_=tt_ov_rt,321,376,663,319,98,44,20,7,5,30,1883
Bart's Inner Child,88,5,https://www.imdb.com/title/tt0701066/ratings?ref_=tt_ov_rt,256,195,567,472,153,52,28,10,3,35,1771
Boy-Scoutz 'n the Hood,89,5,https://www.imdb.com/title/tt0701072/ratings?ref_=tt_ov_rt,667,606,498,202,83,27,11,3,1,28,2126
The Last Temptation of Homer,90,5,https://www.imdb.com/title/tt0701246/ratings?ref_=tt_ov_rt,586,528,572,241,86,37,13,6,4,48,2121
"$pringfield (Or, How I Learned to Stop Worrying and Love Legalized Gambling)",91,5,https://www.imdb.com/title/tt0701040/ratings?ref_=tt_ov_rt,658,586,458,223,81,29,6,10,9,57,2117
Homer the Vigilante,92,5,https://www.imdb.com/title/tt0701117/ratings?ref_=tt_ov_rt,446,423,598,283,92,32,18,3,5,49,1949
Bart Gets Famous,93,5,https://www.imdb.com/title/tt0701055/ratings?ref_=tt_ov_rt,362,345,661,308,83,36,16,4,7,32,1854
Homer and Apu,94,5,https://www.imdb.com/title/tt0701112/ratings?ref_=tt_ov_rt,433,403,629,259,87,37,16,3,3,46,1916
Lisa vs. Malibu Stacy,95,5,https://www.imdb.com/title/tt0701159/ratings?ref_=tt_ov_rt,417,352,611,339,92,46,15,3,3,31,1909
Deep Space Homer,96,5,https://www.imdb.com/title/tt0701087/ratings?ref_=tt_ov_rt,986,642,438,190,76,21,13,5,6,69,2446
Homer Loves Flanders,97,5,https://www.imdb.com/title/tt0773646/ratings?ref_=tt_ov_rt,510,554,544,209,58,25,10,4,1,41,1956
Bart Gets an Elephant,98,5,https://www.imdb.com/title/tt0777148/ratings?ref_=tt_ov_rt,326,270,579,414,131,49,31,12,8,34,1854
Burns' Heir,99,5,https://www.imdb.com/title/tt0777149/ratings?ref_=tt_ov_rt,458,428,582,230,70,35,11,4,2,32,1852
Sweet Seymour Skinner's Baadasssss Song,100,5,https://www.imdb.com/title/tt0777150/ratings?ref_=tt_ov_rt,523,398,606,226,67,33,10,2,0,31,1896
The Boy Who Knew Too Much,101,5,https://www.imdb.com/title/tt0778453/ratings?ref_=tt_ov_rt,423,409,538,252,74,37,15,10,2,50,1810
Lady Bouvier's Lover,102,5,https://www.imdb.com/title/tt0763033/ratings?ref_=tt_ov_rt,229,205,463,454,172,54,31,13,3,32,1656
Secrets of a Successful Marriage,103,5,https://www.imdb.com/title/tt0778452/ratings?ref_=tt_ov_rt,355,291,559,309,100,42,21,7,7,41,1732
Bart of Darkness,104,6,https://www.imdb.com/title/tt0763026/ratings?ref_=tt_ov_rt,705,604,526,225,62,19,11,9,3,53,2217
Lisa's Rival,105,6,https://www.imdb.com/title/tt0701162/ratings?ref_=tt_ov_rt,386,340,677,318,98,40,19,6,2,35,1921
Another Simpsons Clip Show,106,6,https://www.imdb.com/title/tt0701053/ratings?ref_=tt_ov_rt,196,53,127,327,437,259,123,61,57,96,1736
Itchy & Scratchy Land,107,6,https://www.imdb.com/title/tt0778449/ratings?ref_=tt_ov_rt,664,542,495,226,74,38,18,7,9,47,2120
Sideshow Bob Roberts,108,6,https://www.imdb.com/title/tt0701207/ratings?ref_=tt_ov_rt,458,393,536,271,92,33,18,8,3,51,1863
Treehouse of Horror V,109,6,https://www.imdb.com/title/tt0701281/ratings?ref_=tt_ov_rt,1521,643,401,157,53,39,10,4,5,71,2904
Bart's Girlfriend,110,6,https://www.imdb.com/title/tt0701065/ratings?ref_=tt_ov_rt,356,368,613,321,110,48,14,10,8,37,1885
Lisa on Ice,111,6,https://www.imdb.com/title/tt0778450/ratings?ref_=tt_ov_rt,610,526,523,207,64,38,15,9,4,50,2046
Homer Badman,112,6,https://www.imdb.com/title/tt0701109/ratings?ref_=tt_ov_rt,1159,725,426,182,55,35,11,7,2,50,2652
Grampa vs. Sexual Inadequacy,113,6,https://www.imdb.com/title/tt0778448/ratings?ref_=tt_ov_rt,331,301,597,337,88,36,16,8,6,30,1750
Fear of Flying,114,6,https://www.imdb.com/title/tt0701097/ratings?ref_=tt_ov_rt,311,226,566,410,151,51,21,16,10,30,1792
Homer the Great,115,6,https://www.imdb.com/title/tt0701115/ratings?ref_=tt_ov_rt,1117,623,392,145,51,25,15,7,3,64,2442
And Maggie Makes Three,116,6,https://www.imdb.com/title/tt0757016/ratings?ref_=tt_ov_rt,876,527,449,193,61,33,12,11,6,45,2213
Bart's Comet,117,6,https://www.imdb.com/title/tt0778447/ratings?ref_=tt_ov_rt,616,553,480,205,48,19,13,6,1,53,1994
Homie the Clown,118,6,https://www.imdb.com/title/tt0701128/ratings?ref_=tt_ov_rt,687,500,483,202,71,23,15,12,4,54,2051
Bart vs. Australia,119,6,https://www.imdb.com/title/tt0778446/ratings?ref_=tt_ov_rt,694,541,487,219,88,40,13,11,6,79,2178
Homer vs. Patty and Selma,120,6,https://www.imdb.com/title/tt0701119/ratings?ref_=tt_ov_rt,292,238,578,353,111,40,17,14,7,29,1679
A Star is Burns,121,6,https://www.imdb.com/title/tt0701045/ratings?ref_=tt_ov_rt,626,519,475,222,76,28,13,6,5,55,2025
Lisa's Wedding,122,6,https://www.imdb.com/title/tt0701165/ratings?ref_=tt_ov_rt,508,408,549,279,85,35,23,15,7,45,1954
Two Dozen and One Greyhounds,123,6,https://www.imdb.com/title/tt0701289/ratings?ref_=tt_ov_rt,367,338,580,259,83,45,17,12,4,33,1738
The PTA Disbands,124,6,https://www.imdb.com/title/tt0778454/ratings?ref_=tt_ov_rt,354,301,563,305,82,32,7,4,4,37,1689
'Round Springfield,125,6,https://www.imdb.com/title/tt0701041/ratings?ref_=tt_ov_rt,442,382,511,264,105,41,14,7,9,32,1807
The Springfield Connection,126,6,https://www.imdb.com/title/tt0778455/ratings?ref_=tt_ov_rt,352,350,569,262,83,34,11,5,3,33,1702
Lemon of Troy,127,6,https://www.imdb.com/title/tt0757018/ratings?ref_=tt_ov_rt,780,566,444,170,63,30,8,10,4,57,2132
Who Shot Mr. Burns? (Part One),128,6,https://www.imdb.com/title/tt0701294/ratings?ref_=tt_ov_rt,1380,690,361,134,60,20,7,2,4,72,2730
Who Shot Mr. Burns? (Part Two),129,7,https://www.imdb.com/title/tt0701295/ratings?ref_=tt_ov_rt,1045,668,421,165,62,24,7,4,2,67,2465
Radioactive Man,130,7,https://www.imdb.com/title/tt0701201/ratings?ref_=tt_ov_rt,459,404,542,262,85,34,12,6,8,48,1860
Home Sweet Homediddly-Dum-Doodily,131,7,https://www.imdb.com/title/tt0701108/ratings?ref_=tt_ov_rt,434,426,553,207,71,33,7,4,2,48,1785
Bart Sells His Soul,132,7,https://www.imdb.com/title/tt0763025/ratings?ref_=tt_ov_rt,807,669,421,192,47,23,16,4,4,60,2243
Lisa the Vegetarian,133,7,https://www.imdb.com/title/tt0701158/ratings?ref_=tt_ov_rt,603,553,476,249,71,36,25,6,3,87,2109
Treehouse of Horror VI,134,7,https://www.imdb.com/title/tt0177842/ratings?ref_=tt_ov_rt,668,537,488,228,74,46,11,5,9,55,2121
King-Size Homer,135,7,https://www.imdb.com/title/tt0701144/ratings?ref_=tt_ov_rt,1137,710,422,169,50,27,12,5,2,48,2582
Mother Simpson,136,7,https://www.imdb.com/title/tt0701182/ratings?ref_=tt_ov_rt,637,488,476,207,72,32,11,4,5,46,1978
Sideshow Bob's Last Gleaming,137,7,https://www.imdb.com/title/tt0701208/ratings?ref_=tt_ov_rt,338,302,524,302,93,55,22,1,10,39,1686
The Simpsons 138th Episode Spectacular,138,7,https://www.imdb.com/title/tt0701261/ratings?ref_=tt_ov_rt,311,223,395,369,195,87,37,19,11,42,1689
Marge Be Not Proud,139,7,https://www.imdb.com/title/tt0701168/ratings?ref_=tt_ov_rt,553,430,538,278,87,31,13,5,5,36,1976
Team Homer,140,7,https://www.imdb.com/title/tt0779675/ratings?ref_=tt_ov_rt,362,424,515,235,66,34,7,5,6,50,1704
Two Bad Neighbors,141,7,https://www.imdb.com/title/tt0779680/ratings?ref_=tt_ov_rt,624,561,420,198,89,36,13,11,3,43,1998
Scenes from the Class Struggle in Springfield,142,7,https://www.imdb.com/title/tt0779674/ratings?ref_=tt_ov_rt,231,210,481,397,126,52,24,11,2,39,1573
Bart the Fink,143,7,https://www.imdb.com/title/tt0701058/ratings?ref_=tt_ov_rt,204,192,523,381,123,53,21,12,3,32,1544
Lisa the Iconoclast,144,7,https://www.imdb.com/title/tt0701155/ratings?ref_=tt_ov_rt,349,338,552,262,71,44,25,10,7,37,1695
Homer the Smithers,145,7,https://www.imdb.com/title/tt0779667/ratings?ref_=tt_ov_rt,919,677,453,167,64,28,8,4,2,36,2358
The Day the Violence Died,146,7,https://www.imdb.com/title/tt0701234/ratings?ref_=tt_ov_rt,326,296,556,301,87,37,21,6,9,33,1672
A Fish Called Selma,147,7,https://www.imdb.com/title/tt0701043/ratings?ref_=tt_ov_rt,451,352,550,273,89,32,9,5,5,34,1800
Bart on the Road,148,7,https://www.imdb.com/title/tt0701057/ratings?ref_=tt_ov_rt,561,522,465,185,48,24,11,5,1,36,1858
22 Short Films About Springfield,149,7,https://www.imdb.com/title/tt0701186/ratings?ref_=tt_ov_rt,1025,607,387,168,72,30,13,3,6,52,2363
"Raging Abe Simpson and His Grumbling Grandson in The Curse of the Flying Hellfish""""",150,7,https://www.imdb.com/title/tt0778451/ratings?ref_=tt_ov_rt,490,459,484,203,82,36,9,8,6,49,1826
Much Apu About Nothing,151,7,https://www.imdb.com/title/tt0774432/ratings?ref_=tt_ov_rt,289,293,546,288,83,32,13,6,4,43,1597
Homerpalooza,152,7,https://www.imdb.com/title/tt0701127/ratings?ref_=tt_ov_rt,330,280,535,315,111,54,19,18,12,33,1707
Summer of 4 Ft. 2,153,7,https://www.imdb.com/title/tt0701219/ratings?ref_=tt_ov_rt,526,415,483,241,71,39,18,8,3,45,1849
Treehouse of Horror VII,154,8,https://www.imdb.com/title/tt0779678/ratings?ref_=tt_ov_rt,557,409,568,235,81,48,10,6,7,59,1980
You Only Move Twice,155,8,https://www.imdb.com/title/tt0701298/ratings?ref_=tt_ov_rt,2337,685,398,169,62,20,14,3,4,101,3793
The Homer They Fall,156,8,https://www.imdb.com/title/tt0701243/ratings?ref_=tt_ov_rt,338,311,593,291,115,40,22,11,6,37,1764
"Burns, Baby Burns",157,8,https://www.imdb.com/title/tt0701078/ratings?ref_=tt_ov_rt,292,215,517,412,152,71,27,13,8,34,1741
Bart After Dark,158,8,https://www.imdb.com/title/tt0763023/ratings?ref_=tt_ov_rt,443,352,559,262,69,38,14,11,8,46,1802
A Milhouse Divided,159,8,https://www.imdb.com/title/tt0779664/ratings?ref_=tt_ov_rt,351,275,559,317,84,49,8,10,6,30,1689
Lisa's Date with Density,160,8,https://www.imdb.com/title/tt0779669/ratings?ref_=tt_ov_rt,288,204,559,405,111,38,16,8,2,31,1662
Hurricane Neddy,161,8,https://www.imdb.com/title/tt0701131/ratings?ref_=tt_ov_rt,691,621,457,187,51,22,9,3,3,31,2075
El Viaje Misterioso de Nuestro Jomer (The Mysterious Voyage of Homer),162,8,https://www.imdb.com/title/tt0701094/ratings?ref_=tt_ov_rt,813,519,393,253,100,35,13,3,8,72,2209
The Springfield Files,163,8,https://www.imdb.com/title/tt0701263/ratings?ref_=tt_ov_rt,1421,661,423,168,59,33,12,8,5,59,2849
The Twisted World of Marge Simpson,164,8,https://www.imdb.com/title/tt0701266/ratings?ref_=tt_ov_rt,254,209,541,376,122,45,17,17,8,30,1619
Mountain of Madness,165,8,https://www.imdb.com/title/tt0779671/ratings?ref_=tt_ov_rt,538,500,476,194,74,24,11,9,3,35,1864
Simpsoncalifragilisticexpiala(Annoyed Grunt)cious,166,8,https://www.imdb.com/title/tt0757021/ratings?ref_=tt_ov_rt,340,231,466,370,146,74,29,20,18,61,1755
The Itchy & Scratchy & Poochie Show,167,8,https://www.imdb.com/title/tt0701245/ratings?ref_=tt_ov_rt,376,263,483,377,128,48,19,10,7,37,1748
Homer's Phobia,168,8,https://www.imdb.com/title/tt0701126/ratings?ref_=tt_ov_rt,1025,695,392,208,74,40,17,9,9,53,2522
Brother from Another Series,169,8,https://www.imdb.com/title/tt0701227/ratings?ref_=tt_ov_rt,451,329,552,253,96,31,17,9,4,45,1787
"My Sister, My Sitter",170,8,https://www.imdb.com/title/tt0779672/ratings?ref_=tt_ov_rt,348,271,496,306,126,50,17,13,5,37,1669
Homer vs. the Eighteenth Amendment,171,8,https://www.imdb.com/title/tt0701120/ratings?ref_=tt_ov_rt,873,556,387,164,45,20,13,7,3,60,2128
Grade School Confidential,172,8,https://www.imdb.com/title/tt0779666/ratings?ref_=tt_ov_rt,396,313,566,253,70,25,10,4,4,31,1672
The Canine Mutiny,173,8,https://www.imdb.com/title/tt0701229/ratings?ref_=tt_ov_rt,238,147,479,391,136,46,13,16,6,33,1505
The Old Man and the Lisa,174,8,https://www.imdb.com/title/tt0701253/ratings?ref_=tt_ov_rt,290,200,537,352,95,39,26,11,3,30,1583
In Marge We Trust,175,8,https://www.imdb.com/title/tt0701136/ratings?ref_=tt_ov_rt,327,285,559,285,81,32,13,8,5,33,1628
Homer's Enemy,176,8,https://www.imdb.com/title/tt0701122/ratings?ref_=tt_ov_rt,2223,779,399,156,54,36,20,16,12,93,3788
The Simpsons Spin-Off Showcase,177,8,https://www.imdb.com/title/tt0701262/ratings?ref_=tt_ov_rt,255,158,356,412,194,97,47,29,29,51,1628
The Secret War of Lisa Simpson,178,8,https://www.imdb.com/title/tt0701259/ratings?ref_=tt_ov_rt,280,209,508,351,113,38,19,18,7,38,1581
The City of New York vs. Homer Simpson,179,9,https://www.imdb.com/title/tt0701230/ratings?ref_=tt_ov_rt,1462,693,434,189,64,36,19,6,2,53,2958
The Principal and the Pauper,180,9,https://www.imdb.com/title/tt0701257/ratings?ref_=tt_ov_rt,251,203,405,387,206,120,75,50,50,190,1937
Lisa's Sax,181,9,https://www.imdb.com/title/tt0701163/ratings?ref_=tt_ov_rt,327,294,524,246,94,34,13,5,6,39,1582
Treehouse of Horror VIII,182,9,https://www.imdb.com/title/tt0779679/ratings?ref_=tt_ov_rt,373,307,521,279,83,49,16,5,7,43,1683
The Cartridge Family,183,9,https://www.imdb.com/title/tt0763039/ratings?ref_=tt_ov_rt,418,342,506,262,83,45,11,6,7,52,1732
Bart Star,184,9,https://www.imdb.com/title/tt0701056/ratings?ref_=tt_ov_rt,211,207,432,380,113,56,21,8,6,35,1469
The Two Mrs. Nahasapeemapetilons,185,9,https://www.imdb.com/title/tt0701267/ratings?ref_=tt_ov_rt,199,160,487,367,98,48,22,9,11,36,1437
Lisa the Skeptic,186,9,https://www.imdb.com/title/tt0701156/ratings?ref_=tt_ov_rt,312,269,526,264,92,51,19,7,12,34,1586
Realty Bites,187,9,https://www.imdb.com/title/tt0779673/ratings?ref_=tt_ov_rt,191,160,430,406,114,55,24,8,11,33,1432
Miracle on Evergreen Terrace,188,9,https://www.imdb.com/title/tt0701176/ratings?ref_=tt_ov_rt,227,182,416,384,152,67,37,18,18,86,1587
"All Singing, All Dancing",189,9,https://www.imdb.com/title/tt0701050/ratings?ref_=tt_ov_rt,192,47,105,154,278,290,182,139,99,260,1746
Bart Carny,190,9,https://www.imdb.com/title/tt0701054/ratings?ref_=tt_ov_rt,251,193,438,348,118,56,23,9,11,48,1495
The Joy of Sect,191,9,https://www.imdb.com/title/tt0779676/ratings?ref_=tt_ov_rt,442,368,463,231,61,37,14,8,3,49,1676
Das Bus,192,9,https://www.imdb.com/title/tt0701085/ratings?ref_=tt_ov_rt,378,338,462,281,68,47,18,8,7,41,1648
The Last Temptation of Krust,193,9,https://www.imdb.com/title/tt0701247/ratings?ref_=tt_ov_rt,183,151,391,393,150,62,22,11,9,37,1409
Dumbbell Indemnity,194,9,https://www.imdb.com/title/tt0701091/ratings?ref_=tt_ov_rt,192,181,416,374,125,52,27,10,5,30,1412
Lisa the Simpson,195,9,https://www.imdb.com/title/tt0779668/ratings?ref_=tt_ov_rt,268,270,509,253,106,43,18,8,21,87,1583
This Little Wiggy,196,9,https://www.imdb.com/title/tt0779677/ratings?ref_=tt_ov_rt,248,221,471,333,97,32,22,10,9,30,1473
Simpson Tide,197,9,https://www.imdb.com/title/tt0701210/ratings?ref_=tt_ov_rt,402,303,404,246,102,49,18,9,2,35,1570
The Trouble with Trillions,198,9,https://www.imdb.com/title/tt0701265/ratings?ref_=tt_ov_rt,253,214,448,311,126,54,23,7,14,34,1484
Girly Edition,199,9,https://www.imdb.com/title/tt0779665/ratings?ref_=tt_ov_rt,271,204,456,302,100,45,24,8,5,39,1454
Trash of the Titans,200,9,https://www.imdb.com/title/tt0701277/ratings?ref_=tt_ov_rt,477,432,456,184,85,49,14,7,18,38,1760
King of the Hill,201,9,https://www.imdb.com/title/tt0701145/ratings?ref_=tt_ov_rt,337,342,485,239,66,38,10,1,2,34,1554
Lost Our Lisa,202,9,https://www.imdb.com/title/tt0779670/ratings?ref_=tt_ov_rt,218,177,450,333,94,51,26,11,6,31,1397
Natural Born Kissers,203,9,https://www.imdb.com/title/tt0763037/ratings?ref_=tt_ov_rt,269,269,493,256,97,48,19,7,14,44,1516
Lard of the Dance,204,10,https://www.imdb.com/title/tt0701149/ratings?ref_=tt_ov_rt,243,192,412,404,135,53,26,15,13,34,1527
The Wizard of Evergreen Terrace,205,10,https://www.imdb.com/title/tt0701270/ratings?ref_=tt_ov_rt,362,312,457,258,94,43,17,6,10,35,1594
Bart the Mother,206,10,https://www.imdb.com/title/tt0781977/ratings?ref_=tt_ov_rt,218,173,392,372,121,77,26,21,15,40,1455
Treehouse of Horror IX,207,10,https://www.imdb.com/title/tt0701280/ratings?ref_=tt_ov_rt,376,268,527,259,109,51,21,10,12,44,1677
When You Dish Upon a Star,208,10,https://www.imdb.com/title/tt0701293/ratings?ref_=tt_ov_rt,217,127,342,406,164,71,40,23,29,57,1476
D'oh-in' in the Wind,209,10,https://www.imdb.com/title/tt0701083/ratings?ref_=tt_ov_rt,233,153,416,345,140,59,23,8,11,49,1437
"Lisa Gets an A""""",210,10,https://www.imdb.com/title/tt0769412/ratings?ref_=tt_ov_rt,307,262,485,251,87,31,23,10,10,37,1503
"Homer Simpson in: Kidney Trouble""""",211,10,https://www.imdb.com/title/tt0769411/ratings?ref_=tt_ov_rt,207,121,329,402,151,68,30,21,22,54,1405
Mayored to the Mob,212,10,https://www.imdb.com/title/tt0701174/ratings?ref_=tt_ov_rt,366,314,470,249,79,40,9,3,15,34,1579
Viva Ned Flanders,213,10,https://www.imdb.com/title/tt0701290/ratings?ref_=tt_ov_rt,289,225,435,272,127,47,16,28,18,41,1498
Wild Barts Can't Be Broken,214,10,https://www.imdb.com/title/tt0701296/ratings?ref_=tt_ov_rt,257,178,400,328,109,49,21,13,16,35,1406
"Sunday, Cruddy Sunday",215,10,https://www.imdb.com/title/tt0701220/ratings?ref_=tt_ov_rt,204,116,233,351,236,94,43,27,18,71,1393
Homer to the Max,216,10,https://www.imdb.com/title/tt0701118/ratings?ref_=tt_ov_rt,279,184,404,321,123,53,21,14,19,34,1452
I'm with Cupid,217,10,https://www.imdb.com/title/tt0701135/ratings?ref_=tt_ov_rt,186,112,325,381,156,54,38,19,14,38,1323
"Marge Simpson in: Screaming Yellow Honkers""""",218,10,https://www.imdb.com/title/tt0701170/ratings?ref_=tt_ov_rt,180,107,337,414,144,68,26,13,15,39,1343
Make Room for Lisa,219,10,https://www.imdb.com/title/tt0781978/ratings?ref_=tt_ov_rt,204,130,346,371,125,49,26,13,10,39,1313
Maximum Homerdrive,220,10,https://www.imdb.com/title/tt0781979/ratings?ref_=tt_ov_rt,256,178,389,319,111,46,30,18,13,39,1399
Simpsons Bible Stories,221,10,https://www.imdb.com/title/tt0781980/ratings?ref_=tt_ov_rt,241,130,303,367,163,74,20,25,19,55,1397
Mom and Pop Art,222,10,https://www.imdb.com/title/tt0701180/ratings?ref_=tt_ov_rt,220,170,393,343,123,51,17,16,18,48,1399
"The Old Man and the C"" Student""",223,10,https://www.imdb.com/title/tt0701251/ratings?ref_=tt_ov_rt,168,123,276,391,159,55,28,14,13,42,1269
Monty Can't Buy Me Love,224,10,https://www.imdb.com/title/tt0701181/ratings?ref_=tt_ov_rt,164,100,251,413,172,72,23,16,21,43,1275
They Saved Lisa's Brain,225,10,https://www.imdb.com/title/tt0701272/ratings?ref_=tt_ov_rt,188,117,302,390,141,68,23,20,18,34,1301
Thirty Minutes Over Tokyo,226,10,https://www.imdb.com/title/tt0701273/ratings?ref_=tt_ov_rt,363,258,437,257,94,52,29,11,19,50,1570
Beyond Blunderdome,227,11,https://www.imdb.com/title/tt0701069/ratings?ref_=tt_ov_rt,226,153,282,381,183,76,31,33,24,66,1455
Brother's Little Helper,228,11,https://www.imdb.com/title/tt0701075/ratings?ref_=tt_ov_rt,166,159,305,342,131,47,35,22,15,42,1264
Guess Who's Coming to Criticize Dinner?,229,11,https://www.imdb.com/title/tt0701102/ratings?ref_=tt_ov_rt,180,135,339,348,142,45,21,18,19,40,1287
Treehouse of Horror X,230,11,https://www.imdb.com/title/tt0701283/ratings?ref_=tt_ov_rt,274,174,417,321,120,70,21,11,22,44,1474
E-I-E-I-D'oh,231,11,https://www.imdb.com/title/tt0701092/ratings?ref_=tt_ov_rt,258,175,392,293,100,39,32,24,17,41,1371
"Hello Gutter, Hello Fadder",232,11,https://www.imdb.com/title/tt0701105/ratings?ref_=tt_ov_rt,142,112,293,369,135,54,38,12,18,45,1218
Eight Misbehavin',233,11,https://www.imdb.com/title/tt0701093/ratings?ref_=tt_ov_rt,120,88,227,392,184,62,39,25,12,61,1210
"Take My Wife, Sleaze",234,11,https://www.imdb.com/title/tt0701222/ratings?ref_=tt_ov_rt,152,113,251,363,166,66,38,26,20,45,1240
Grift of the Magi,235,11,https://www.imdb.com/title/tt0701101/ratings?ref_=tt_ov_rt,184,110,290,393,160,65,30,29,18,45,1324
Little Big Mom,236,11,https://www.imdb.com/title/tt0701166/ratings?ref_=tt_ov_rt,172,105,280,336,131,57,21,20,19,40,1181
Faith Off,237,11,https://www.imdb.com/title/tt0701095/ratings?ref_=tt_ov_rt,121,71,199,354,228,87,41,25,20,39,1185
The Mansion Family,238,11,https://www.imdb.com/title/tt0701250/ratings?ref_=tt_ov_rt,147,100,282,355,134,46,38,17,27,51,1197
Saddlesore Galactica,239,11,https://www.imdb.com/title/tt0701203/ratings?ref_=tt_ov_rt,149,72,189,343,229,122,58,44,42,91,1339
"Alone Again, Natura-Diddily",240,11,https://www.imdb.com/title/tt0701052/ratings?ref_=tt_ov_rt,247,187,404,257,114,41,20,16,19,119,1424
Missionary: Impossible,241,11,https://www.imdb.com/title/tt0701177/ratings?ref_=tt_ov_rt,200,129,293,295,143,72,33,32,27,46,1270
Pygmoelian,242,11,https://www.imdb.com/title/tt0767446/ratings?ref_=tt_ov_rt,147,92,282,384,135,55,28,23,22,42,1210
Bart to the Future,243,11,https://www.imdb.com/title/tt0767439/ratings?ref_=tt_ov_rt,162,115,235,347,194,81,34,33,28,97,1326
Days of Wine and D'oh'ses,244,11,https://www.imdb.com/title/tt0767441/ratings?ref_=tt_ov_rt,153,105,279,335,127,66,25,29,17,38,1174
Kill the Alligator and Run,245,11,https://www.imdb.com/title/tt0701143/ratings?ref_=tt_ov_rt,170,78,174,342,230,98,58,43,38,82,1313
Last Tap Dance in Springfield,246,11,https://www.imdb.com/title/tt0767444/ratings?ref_=tt_ov_rt,165,84,220,396,154,57,25,22,24,29,1176
"It's a Mad, Mad, Mad, Mad Marge",247,11,https://www.imdb.com/title/tt0701138/ratings?ref_=tt_ov_rt,170,92,245,360,146,61,22,24,28,52,1200
Behind the Laughter,248,11,https://www.imdb.com/title/tt0701068/ratings?ref_=tt_ov_rt,406,239,349,212,92,68,37,27,20,64,1514
Treehouse of Horror XI,249,12,https://www.imdb.com/title/tt0763040/ratings?ref_=tt_ov_rt,279,140,366,323,120,49,29,25,16,45,1392
A Tale of Two Springfields,250,12,https://www.imdb.com/title/tt0701049/ratings?ref_=tt_ov_rt,257,114,333,301,126,66,30,23,23,52,1325
Insane Clown Poppy,251,12,https://www.imdb.com/title/tt0701137/ratings?ref_=tt_ov_rt,171,70,192,393,205,70,22,16,18,39,1196
Lisa the Tree Hugger,252,12,https://www.imdb.com/title/tt0701157/ratings?ref_=tt_ov_rt,176,107,223,371,159,61,25,21,20,42,1205
Homer vs. Dignity,253,12,https://www.imdb.com/title/tt0763031/ratings?ref_=tt_ov_rt,191,104,247,317,160,84,32,26,26,67,1254
The Computer Wore Menace Shoes,254,12,https://www.imdb.com/title/tt0701231/ratings?ref_=tt_ov_rt,260,189,331,238,131,56,21,16,22,40,1304
The Great Money Caper,255,12,https://www.imdb.com/title/tt0701241/ratings?ref_=tt_ov_rt,226,91,255,327,143,71,27,16,24,44,1224
Skinner's Sense of Snow,256,12,https://www.imdb.com/title/tt0762498/ratings?ref_=tt_ov_rt,323,202,379,244,104,42,17,8,33,53,1405
HOM��,257,12,https://www.imdb.com/title/tt0762497/ratings?ref_=tt_ov_rt,353,274,394,203,94,26,18,21,26,56,1465
Pokey Mom,258,12,https://www.imdb.com/title/tt0701197/ratings?ref_=tt_ov_rt,211,82,227,374,152,62,26,22,25,34,1215
Worst Episode Ever,259,12,https://www.imdb.com/title/tt0701297/ratings?ref_=tt_ov_rt,224,91,325,302,136,61,24,13,22,47,1245
Tennis the Menace,260,12,https://www.imdb.com/title/tt0701223/ratings?ref_=tt_ov_rt,172,91,198,311,199,83,31,28,39,50,1202
Day of the Jackanapes,261,12,https://www.imdb.com/title/tt0701086/ratings?ref_=tt_ov_rt,175,85,202,343,141,57,24,18,21,37,1103
New Kids on the Blecch,262,12,https://www.imdb.com/title/tt0701190/ratings?ref_=tt_ov_rt,253,144,242,318,145,77,35,38,23,64,1339
"Hungry, Hungry Homer",263,12,https://www.imdb.com/title/tt0701130/ratings?ref_=tt_ov_rt,205,116,338,272,133,48,27,15,14,41,1209
Bye Bye Nerdie,264,12,https://www.imdb.com/title/tt0701079/ratings?ref_=tt_ov_rt,167,40,147,299,232,103,37,27,37,64,1153
Simpson Safari,265,12,https://www.imdb.com/title/tt0701213/ratings?ref_=tt_ov_rt,192,74,166,312,194,96,37,30,34,54,1189
Trilogy of Error,266,12,https://www.imdb.com/title/tt0701288/ratings?ref_=tt_ov_rt,673,430,307,147,59,30,20,14,33,70,1783
I'm Goin' to Praiseland,267,12,https://www.imdb.com/title/tt0701133/ratings?ref_=tt_ov_rt,196,97,232,311,170,59,22,22,23,35,1167
Children of a Lesser Clod,268,12,https://www.imdb.com/title/tt0765966/ratings?ref_=tt_ov_rt,173,80,210,342,146,51,18,16,19,37,1092
Simpsons Tall Tales,269,12,https://www.imdb.com/title/tt0766139/ratings?ref_=tt_ov_rt,182,81,180,326,157,78,36,26,27,43,1136
Treehouse of Horror XII,270,13,https://www.imdb.com/title/tt0701284/ratings?ref_=tt_ov_rt,218,156,345,329,132,65,31,17,19,52,1364
The Parent Rap,271,13,https://www.imdb.com/title/tt0701255/ratings?ref_=tt_ov_rt,129,93,194,328,175,59,23,20,26,76,1123
Homer the Moe,272,13,https://www.imdb.com/title/tt0701116/ratings?ref_=tt_ov_rt,126,100,230,331,149,75,24,21,12,48,1116
A Hunka Hunka Burns in Love,273,13,https://www.imdb.com/title/tt0701044/ratings?ref_=tt_ov_rt,125,77,198,346,150,71,27,17,18,40,1069
The Blunder Years,274,13,https://www.imdb.com/title/tt0701226/ratings?ref_=tt_ov_rt,215,147,349,214,109,58,22,14,9,55,1192
She of Little Faith,275,13,https://www.imdb.com/title/tt0701206/ratings?ref_=tt_ov_rt,136,103,213,347,157,87,14,17,16,85,1175
Brawl in the Family,276,13,https://www.imdb.com/title/tt0701074/ratings?ref_=tt_ov_rt,111,71,161,310,204,80,31,24,17,48,1057
Sweets and Sour Marge,277,13,https://www.imdb.com/title/tt0701221/ratings?ref_=tt_ov_rt,131,71,181,322,178,67,31,20,18,40,1059
Jaws Wired Shut,278,13,https://www.imdb.com/title/tt0701141/ratings?ref_=tt_ov_rt,145,102,256,299,134,56,26,13,13,47,1091
Half-Decent Proposal,279,13,https://www.imdb.com/title/tt0701104/ratings?ref_=tt_ov_rt,162,85,273,310,149,50,21,14,15,48,1127
The Bart Wants What It Wants,280,13,https://www.imdb.com/title/tt0701225/ratings?ref_=tt_ov_rt,125,69,182,319,161,71,29,17,10,42,1025
The Lastest Gun in the West,281,13,https://www.imdb.com/title/tt0701249/ratings?ref_=tt_ov_rt,123,52,122,254,264,106,41,34,27,51,1074
The Old Man and the Key,282,13,https://www.imdb.com/title/tt0701252/ratings?ref_=tt_ov_rt,112,46,108,263,248,108,41,23,29,49,1027
Tales from the Public Domain,283,13,https://www.imdb.com/title/tt0763038/ratings?ref_=tt_ov_rt,156,106,205,297,123,64,26,15,18,44,1054
Blame It on Lisa,284,13,https://www.imdb.com/title/tt0763028/ratings?ref_=tt_ov_rt,158,96,192,282,158,73,32,26,23,51,1091
Weekend at Burnsie's,285,13,https://www.imdb.com/title/tt0701291/ratings?ref_=tt_ov_rt,265,147,305,231,100,65,30,14,12,50,1219
Gump Roast,286,13,https://www.imdb.com/title/tt0701103/ratings?ref_=tt_ov_rt,161,40,69,150,240,181,93,57,68,131,1190
I Am Furious Yellow,288,13,https://www.imdb.com/title/tt0701132/ratings?ref_=tt_ov_rt,221,132,307,269,109,40,23,11,10,47,1169
The Sweetest Apu,288,13,https://www.imdb.com/title/tt0701264/ratings?ref_=tt_ov_rt,120,53,138,307,183,74,25,21,18,48,987
Little Girl in the Big Ten,289,13,https://www.imdb.com/title/tt0701167/ratings?ref_=tt_ov_rt,126,90,200,298,138,57,29,17,13,41,1009
The Frying Game,290,13,https://www.imdb.com/title/tt0701238/ratings?ref_=tt_ov_rt,134,75,203,294,137,71,25,26,23,55,1043
Poppa's Got a Brand New Badge,291,13,https://www.imdb.com/title/tt0701196/ratings?ref_=tt_ov_rt,282,168,312,227,91,41,18,4,11,72,1226
Treehouse of Horror XIII,292,14,https://www.imdb.com/title/tt0763041/ratings?ref_=tt_ov_rt,244,124,340,299,117,53,32,14,8,46,1277
How I Spent My Strummer Vacation,293,14,https://www.imdb.com/title/tt0701129/ratings?ref_=tt_ov_rt,207,113,241,291,125,67,32,23,12,53,1164
Bart vs. Lisa vs. the Third Grade,294,14,https://www.imdb.com/title/tt0701061/ratings?ref_=tt_ov_rt,169,71,182,337,162,62,26,15,16,40,1080
Large Marge,295,14,https://www.imdb.com/title/tt0701150/ratings?ref_=tt_ov_rt,143,81,216,330,155,71,28,31,13,57,1125
Helter Shelter,296,14,https://www.imdb.com/title/tt0701106/ratings?ref_=tt_ov_rt,140,56,151,286,184,92,36,24,16,52,1037
The Great Louse Detective,297,14,https://www.imdb.com/title/tt0701240/ratings?ref_=tt_ov_rt,186,103,199,322,128,46,27,14,13,48,1086
Special Edna,298,14,https://www.imdb.com/title/tt0701216/ratings?ref_=tt_ov_rt,161,60,179,326,141,61,22,10,9,79,1048
The Dad Who Knew Too Little,299,14,https://www.imdb.com/title/tt0701233/ratings?ref_=tt_ov_rt,171,84,221,317,118,41,22,16,13,43,1046
The Strong Arms of the Ma,300,14,https://www.imdb.com/title/tt0701218/ratings?ref_=tt_ov_rt,141,69,147,282,204,74,46,27,13,53,1056
Pray Anything,301,14,https://www.imdb.com/title/tt0701199/ratings?ref_=tt_ov_rt,118,61,139,270,179,70,34,25,15,47,958
Barting Over,302,14,https://www.imdb.com/title/tt0701067/ratings?ref_=tt_ov_rt,164,59,142,257,220,96,33,30,31,45,1077
I'm Spelling as Fast as I Can,303,14,https://www.imdb.com/title/tt0701134/ratings?ref_=tt_ov_rt,142,78,207,312,131,46,22,8,15,51,1012
A Star Is Born-Again,304,14,https://www.imdb.com/title/tt0701046/ratings?ref_=tt_ov_rt,126,69,142,339,147,72,29,21,12,53,1010
Mr. Spritz Goes to Washington,305,14,https://www.imdb.com/title/tt0701185/ratings?ref_=tt_ov_rt,113,53,155,261,201,67,28,22,15,36,951
C.E. D'oh,306,14,https://www.imdb.com/title/tt0793253/ratings?ref_=tt_ov_rt,127,71,183,281,118,54,20,11,10,43,918
'Scuse Me While I Miss the Sky,307,14,https://www.imdb.com/title/tt0701042/ratings?ref_=tt_ov_rt,122,71,162,300,130,51,16,13,15,42,922
Three Gays of the Condo,308,14,https://www.imdb.com/title/tt0701274/ratings?ref_=tt_ov_rt,132,100,213,307,117,59,31,17,16,53,1045
"Dude, Where's My Ranch?",309,14,https://www.imdb.com/title/tt0701090/ratings?ref_=tt_ov_rt,167,73,156,322,167,76,31,15,18,44,1069
Old Yeller-Belly,310,14,https://www.imdb.com/title/tt0701193/ratings?ref_=tt_ov_rt,133,46,129,270,197,81,30,22,21,32,961
"Brake My Wife, Please",311,14,https://www.imdb.com/title/tt0701073/ratings?ref_=tt_ov_rt,111,53,135,258,190,66,24,31,16,41,925
The Bart of War,312,14,https://www.imdb.com/title/tt0784544/ratings?ref_=tt_ov_rt,150,50,114,241,207,94,27,27,20,53,983
Moe Baby Blues,313,14,https://www.imdb.com/title/tt0701179/ratings?ref_=tt_ov_rt,266,142,261,248,99,57,13,19,14,70,1189
Treehouse of Horror XIV,314,15,https://www.imdb.com/title/tt0701285/ratings?ref_=tt_ov_rt,249,112,302,310,118,65,33,14,14,56,1273
My Mother the Carjacker,315,15,https://www.imdb.com/title/tt0701188/ratings?ref_=tt_ov_rt,170,92,207,304,126,49,22,11,8,47,1036
The President Wore Pearls,316,15,https://www.imdb.com/title/tt0701256/ratings?ref_=tt_ov_rt,170,89,147,302,142,77,25,27,23,53,1055
The Regina Monologues,317,15,https://www.imdb.com/title/tt0701258/ratings?ref_=tt_ov_rt,201,109,199,278,131,69,33,26,21,60,1127
The Fat and the Furriest,318,15,https://www.imdb.com/title/tt0701235/ratings?ref_=tt_ov_rt,146,83,181,281,137,62,21,10,24,47,992
"Today, I Am a Clown",319,15,https://www.imdb.com/title/tt0701276/ratings?ref_=tt_ov_rt,123,38,113,245,208,100,40,15,30,47,959
'Tis the Fifteenth Season,320,15,https://www.imdb.com/title/tt0789632/ratings?ref_=tt_ov_rt,151,72,175,299,152,50,32,16,7,44,998
"Marge vs. Singles, Seniors, Childless Couples and Teens and Gays",321,15,https://www.imdb.com/title/tt0763034/ratings?ref_=tt_ov_rt,125,58,136,247,193,81,33,19,23,47,962
"I, (Annoyed Grunt)-Bot",322,15,https://www.imdb.com/title/tt0763032/ratings?ref_=tt_ov_rt,190,100,212,271,116,64,29,14,11,44,1051
Diatribe of a Mad Housewife,323,15,https://www.imdb.com/title/tt0701088/ratings?ref_=tt_ov_rt,147,80,212,297,101,62,24,10,15,44,992
Margical History Tour,324,15,https://www.imdb.com/title/tt0784540/ratings?ref_=tt_ov_rt,161,89,167,281,120,54,22,13,20,47,974
Milhouse Doesn't Live Here Anymore,325,15,https://www.imdb.com/title/tt0701175/ratings?ref_=tt_ov_rt,156,86,191,285,119,62,25,11,12,39,986
Smart and Smarter,326,15,https://www.imdb.com/title/tt0701214/ratings?ref_=tt_ov_rt,168,74,169,310,115,51,27,21,15,45,995
The Ziff Who Came to Dinner,327,15,https://www.imdb.com/title/tt0701271/ratings?ref_=tt_ov_rt,135,51,125,270,185,71,31,13,23,39,943
Co-Dependent's Day,328,15,https://www.imdb.com/title/tt0701081/ratings?ref_=tt_ov_rt,127,59,142,259,157,65,39,18,27,48,941
The Wandering Juvie,329,15,https://www.imdb.com/title/tt0701268/ratings?ref_=tt_ov_rt,169,47,159,291,174,52,25,20,26,44,1007
My Big Fat Geek Wedding,330,15,https://www.imdb.com/title/tt0701187/ratings?ref_=tt_ov_rt,125,41,112,262,190,75,34,27,19,79,964
Catch 'Em if You Can,331,15,https://www.imdb.com/title/tt0784101/ratings?ref_=tt_ov_rt,168,85,175,284,130,53,28,27,23,49,1022
Simple Simpson,332,15,https://www.imdb.com/title/tt0701209/ratings?ref_=tt_ov_rt,204,106,197,257,125,52,26,17,16,44,1044
The Way We Weren't,333,15,https://www.imdb.com/title/tt0784545/ratings?ref_=tt_ov_rt,172,103,177,284,117,46,34,11,22,44,1010
Bart-Mangled Banner,334,15,https://www.imdb.com/title/tt0763027/ratings?ref_=tt_ov_rt,146,54,117,191,199,101,54,36,24,98,1020
Fraudcast News,335,15,https://www.imdb.com/title/tt0763030/ratings?ref_=tt_ov_rt,165,86,176,269,100,52,19,18,12,46,943
Treehouse of Horror XV,336,16,https://www.imdb.com/title/tt0701286/ratings?ref_=tt_ov_rt,183,94,282,276,109,69,39,28,17,50,1147
All's Fair in Oven War,337,16,https://www.imdb.com/title/tt0701051/ratings?ref_=tt_ov_rt,117,57,142,301,149,71,40,25,14,41,957
Sleeping with the Enemy,338,16,https://www.imdb.com/title/tt0784543/ratings?ref_=tt_ov_rt,170,82,166,300,118,53,29,16,13,40,987
She Used to Be My Girl,339,16,https://www.imdb.com/title/tt0701205/ratings?ref_=tt_ov_rt,98,40,100,256,222,91,35,18,23,78,961
Fat Man and Little Boy,340,16,https://www.imdb.com/title/tt0701096/ratings?ref_=tt_ov_rt,106,63,164,284,132,66,29,24,17,30,915
Midnight Rx,341,16,https://www.imdb.com/title/tt0784541/ratings?ref_=tt_ov_rt,114,77,192,260,118,65,22,30,18,38,934
Mommie Beerest,342,16,https://www.imdb.com/title/tt0763036/ratings?ref_=tt_ov_rt,106,49,134,287,142,67,23,33,20,31,892
Homer and Ned's Hail Mary Pass,343,16,https://www.imdb.com/title/tt0701113/ratings?ref_=tt_ov_rt,110,41,93,203,208,103,49,48,22,94,971
Pranksta Rap,344,16,https://www.imdb.com/title/tt0701198/ratings?ref_=tt_ov_rt,120,63,137,232,165,95,33,38,21,89,993
There's Something About Marrying,345,16,https://www.imdb.com/title/tt0757022/ratings?ref_=tt_ov_rt,119,80,156,277,127,67,28,16,20,89,979
On a Clear Day I Can't See My Sister,346,16,https://www.imdb.com/title/tt0701194/ratings?ref_=tt_ov_rt,113,59,140,255,151,66,31,26,20,99,960
Goo Goo Gai Pan,347,16,https://www.imdb.com/title/tt0701100/ratings?ref_=tt_ov_rt,136,86,141,274,131,78,41,20,29,40,976
Mobile Homer,348,16,https://www.imdb.com/title/tt0763035/ratings?ref_=tt_ov_rt,114,57,146,233,165,69,37,23,30,33,907
The Seven-Beer Snitch,349,16,https://www.imdb.com/title/tt0701260/ratings?ref_=tt_ov_rt,106,55,139,256,154,71,41,20,24,39,905
Future-Drama,350,16,https://www.imdb.com/title/tt0701099/ratings?ref_=tt_ov_rt,167,87,197,271,105,58,28,32,34,53,1032
Don't Fear the Roofer,351,16,https://www.imdb.com/title/tt0701089/ratings?ref_=tt_ov_rt,187,110,234,268,101,60,38,27,26,45,1096
The Heartbroke Kid,352,16,https://www.imdb.com/title/tt0701242/ratings?ref_=tt_ov_rt,140,85,174,267,119,63,30,17,22,38,955
A Star is Torn,353,16,https://www.imdb.com/title/tt0701047/ratings?ref_=tt_ov_rt,125,59,103,233,185,83,40,32,23,36,919
Thank God It's Doomsday,354,16,https://www.imdb.com/title/tt0701224/ratings?ref_=tt_ov_rt,147,98,180,252,116,55,29,23,22,38,960
Home Away from Homer,355,16,https://www.imdb.com/title/tt0701107/ratings?ref_=tt_ov_rt,120,65,160,299,114,55,36,16,14,37,916
"The Father, the Son and the Holy Guest Star",356,16,https://www.imdb.com/title/tt0701236/ratings?ref_=tt_ov_rt,220,108,186,233,113,65,13,20,17,61,1036
Bonfire of the Manatees,357,17,https://www.imdb.com/title/tt0701071/ratings?ref_=tt_ov_rt,160,41,88,191,241,112,51,32,42,74,1032
The Girl Who Slept Too Little,358,17,https://www.imdb.com/title/tt0701239/ratings?ref_=tt_ov_rt,163,73,137,258,176,61,30,20,17,45,980
Milhouse of Sand and Fog,359,17,https://www.imdb.com/title/tt0757020/ratings?ref_=tt_ov_rt,169,61,129,259,151,55,25,15,20,40,924
Treehouse of Horror XVI,360,17,https://www.imdb.com/title/tt0701287/ratings?ref_=tt_ov_rt,221,89,218,275,133,56,23,20,15,51,1101
Marge's Son Poisoning,361,17,https://www.imdb.com/title/tt0757019/ratings?ref_=tt_ov_rt,167,67,130,265,148,71,33,16,17,36,950
See Homer Run,362,17,https://www.imdb.com/title/tt0784542/ratings?ref_=tt_ov_rt,159,61,124,262,142,59,32,19,19,43,920
The Last of the Red Hat Mamas,363,17,https://www.imdb.com/title/tt0701248/ratings?ref_=tt_ov_rt,155,36,124,234,175,83,42,20,19,41,929
The Italian Bob,364,17,https://www.imdb.com/title/tt0701244/ratings?ref_=tt_ov_rt,213,107,179,264,135,65,38,26,29,73,1129
Simpson Christmas Stories,365,17,https://www.imdb.com/title/tt0782576/ratings?ref_=tt_ov_rt,166,65,126,235,152,70,36,25,17,41,933
Homer's Paternity Coot,366,17,https://www.imdb.com/title/tt0701125/ratings?ref_=tt_ov_rt,162,38,126,235,173,62,36,20,27,48,927
We're on the Road to D'oh-where,367,17,https://www.imdb.com/title/tt0758509/ratings?ref_=tt_ov_rt,164,68,136,240,132,58,31,21,13,38,901
My Fair Laddy,368,17,https://www.imdb.com/title/tt0773649/ratings?ref_=tt_ov_rt,155,49,105,212,213,77,45,22,29,63,970
The Seemingly Never-Ending Story,369,17,https://www.imdb.com/title/tt0776642/ratings?ref_=tt_ov_rt,247,133,252,219,67,50,25,19,15,70,1097
Bart Has Two Mommies,370,17,https://www.imdb.com/title/tt0780424/ratings?ref_=tt_ov_rt,165,59,161,252,126,61,33,14,16,43,930
"Homer Simpson, This Is Your Wife",371,17,https://www.imdb.com/title/tt0701111/ratings?ref_=tt_ov_rt,237,70,141,234,211,95,46,42,47,119,1242
Million Dollar Abie,372,17,https://www.imdb.com/title/tt0787753/ratings?ref_=tt_ov_rt,167,41,83,199,185,97,49,25,19,62,927
Kiss Kiss Bang Bangalore,373,17,https://www.imdb.com/title/tt0701146/ratings?ref_=tt_ov_rt,234,96,201,239,111,39,34,20,19,55,1048
The Wettest Stories Ever Told,374,17,https://www.imdb.com/title/tt0795278/ratings?ref_=tt_ov_rt,165,50,119,231,156,76,31,17,16,47,908
Girls Just Want to Have Sums,375,17,https://www.imdb.com/title/tt0798764/ratings?ref_=tt_ov_rt,203,83,161,262,124,41,26,14,17,79,1010
Regarding Margie,376,17,https://www.imdb.com/title/tt0800706/ratings?ref_=tt_ov_rt,156,52,117,231,180,68,32,23,28,47,934
The Monkey Suit,377,17,https://www.imdb.com/title/tt0800707/ratings?ref_=tt_ov_rt,195,84,177,245,102,58,24,19,19,65,988
Marge and Homer Turn a Couple Play,378,17,https://www.imdb.com/title/tt0809050/ratings?ref_=tt_ov_rt,170,38,108,204,187,85,48,27,28,63,958
"The Mook, the Chef, the Wife and Her Homer",379,18,https://www.imdb.com/title/tt0831239/ratings?ref_=tt_ov_rt,250,145,295,222,103,55,34,16,23,66,1209
Jazzy and the Pussycats,380,18,https://www.imdb.com/title/tt0858309/ratings?ref_=tt_ov_rt,157,68,141,268,186,75,57,28,34,58,1072
"Please Homer, Don't Hammer 'Em",381,18,https://www.imdb.com/title/tt0858310/ratings?ref_=tt_ov_rt,153,71,132,260,171,62,45,42,24,53,1013
Treehouse of Horror XVII,382,18,https://www.imdb.com/title/tt0831240/ratings?ref_=tt_ov_rt,194,77,213,270,189,88,40,35,30,57,1193
G.I. (Annoyed Grunt),383,18,https://www.imdb.com/title/tt0864054/ratings?ref_=tt_ov_rt,186,78,142,238,145,68,51,30,29,72,1039
Moe'N'a Lisa,384,18,https://www.imdb.com/title/tt0888356/ratings?ref_=tt_ov_rt,155,51,128,270,174,74,43,28,20,49,992
Ice Cream of Margie (with the Light Blue Hair),385,18,https://www.imdb.com/title/tt0888355/ratings?ref_=tt_ov_rt,159,79,147,271,138,71,32,29,21,42,989
The Haw-Hawed Couple,386,18,https://www.imdb.com/title/tt0905908/ratings?ref_=tt_ov_rt,166,80,171,274,104,52,34,19,15,45,960
Kill Gil: Vols. 1 & 2,387,18,https://www.imdb.com/title/tt0893217/ratings?ref_=tt_ov_rt,150,53,91,222,217,97,45,35,43,78,1031
The Wife Aquatic,388,18,https://www.imdb.com/title/tt0918024/ratings?ref_=tt_ov_rt,153,48,120,234,187,90,31,41,28,56,988
Revenge is a Dish Best Served Three Times,389,18,https://www.imdb.com/title/tt0918866/ratings?ref_=tt_ov_rt,153,72,144,263,136,72,22,26,18,47,953
Little Big Girl,390,18,https://www.imdb.com/title/tt0918865/ratings?ref_=tt_ov_rt,185,68,152,250,162,78,45,28,23,58,1049
Springfield Up,391,18,https://www.imdb.com/title/tt0918868/ratings?ref_=tt_ov_rt,181,109,210,234,94,59,29,17,25,58,1016
Yokel Chords,392,18,https://www.imdb.com/title/tt0959423/ratings?ref_=tt_ov_rt,174,81,147,259,150,54,38,21,26,56,1006
Rome-Old and Julie-Eh,393,18,https://www.imdb.com/title/tt0918867/ratings?ref_=tt_ov_rt,142,48,98,198,206,87,53,27,42,71,972
Homerazzi,394,18,https://www.imdb.com/title/tt0918864/ratings?ref_=tt_ov_rt,184,79,174,254,119,70,27,23,17,46,993
Marge Gamer,395,18,https://www.imdb.com/title/tt0988495/ratings?ref_=tt_ov_rt,224,103,208,247,98,56,34,26,23,66,1085
The Boys of Bummer,396,18,https://www.imdb.com/title/tt1019219/ratings?ref_=tt_ov_rt,138,51,95,185,194,94,58,42,34,127,1018
Crook and Ladder,397,18,https://www.imdb.com/title/tt1017618/ratings?ref_=tt_ov_rt,143,65,130,270,119,66,30,18,26,36,903
Stop or My Dog Will Shoot!,398,18,https://www.imdb.com/title/tt0918869/ratings?ref_=tt_ov_rt,164,53,123,262,137,58,23,29,25,47,921
24 Minutes,399,18,https://www.imdb.com/title/tt0907538/ratings?ref_=tt_ov_rt,638,281,292,189,86,51,34,25,27,115,1738
You Kent Always Say What You Want,400,18,https://www.imdb.com/title/tt1023430/ratings?ref_=tt_ov_rt,211,103,205,245,111,59,27,27,25,62,1075
He Loves to Fly and He D'ohs,401,19,https://www.imdb.com/title/tt1103798/ratings?ref_=tt_ov_rt,156,64,136,267,190,88,45,41,15,53,1055
The Homer of Seville,402,19,https://www.imdb.com/title/tt1103799/ratings?ref_=tt_ov_rt,148,62,122,244,196,106,46,37,17,62,1040
Midnight Towboy,403,19,https://www.imdb.com/title/tt1112081/ratings?ref_=tt_ov_rt,161,87,178,281,130,50,26,21,7,49,990
I Don't Wanna Know Why the Caged Bird Sings,404,19,https://www.imdb.com/title/tt1111719/ratings?ref_=tt_ov_rt,146,55,138,260,200,65,27,15,13,44,963
Treehouse of Horror XVIII,405,19,https://www.imdb.com/title/tt1112082/ratings?ref_=tt_ov_rt,180,86,157,279,162,81,38,24,20,45,1072
Little Orphan Millie,406,19,https://www.imdb.com/title/tt1137310/ratings?ref_=tt_ov_rt,107,45,110,241,202,74,40,19,21,52,911
Husbands and Knives,407,19,https://www.imdb.com/title/tt0992614/ratings?ref_=tt_ov_rt,206,89,167,247,144,72,29,26,23,70,1073
Funeral for a Fiend,408,19,https://www.imdb.com/title/tt1137309/ratings?ref_=tt_ov_rt,202,86,202,263,130,53,23,22,18,51,1050
Eternal Moonshine of the Simpson Mind,409,19,https://www.imdb.com/title/tt1147352/ratings?ref_=tt_ov_rt,478,266,311,158,75,44,22,20,11,98,1483
E. Pluribus Wiggum,410,19,https://www.imdb.com/title/tt1157300/ratings?ref_=tt_ov_rt,171,75,138,238,132,73,35,22,21,51,956
That '90s Show,411,19,https://www.imdb.com/title/tt1166961/ratings?ref_=tt_ov_rt,273,116,175,211,177,109,52,59,76,256,1504
"Love, Springfieldian Style",412,19,https://www.imdb.com/title/tt1178426/ratings?ref_=tt_ov_rt,180,58,114,227,168,88,37,31,19,62,984
The Debarted,413,19,https://www.imdb.com/title/tt1188966/ratings?ref_=tt_ov_rt,264,167,297,194,112,49,24,20,11,88,1226
"Dial N"" for Nerder""",414,19,https://www.imdb.com/title/tt1191727/ratings?ref_=tt_ov_rt,219,105,190,245,94,45,28,14,17,56,1013
Smoke on the Daughter,415,19,https://www.imdb.com/title/tt1206071/ratings?ref_=tt_ov_rt,161,58,128,223,165,59,42,15,26,48,925
Papa Don't Leech,416,19,https://www.imdb.com/title/tt1211739/ratings?ref_=tt_ov_rt,107,44,77,159,208,97,54,29,45,77,897
Apocalypse Cow,417,19,https://www.imdb.com/title/tt1215758/ratings?ref_=tt_ov_rt,159,67,123,245,160,61,26,18,19,59,937
Any Given Sundance,418,19,https://www.imdb.com/title/tt1225549/ratings?ref_=tt_ov_rt,162,60,181,251,134,45,25,17,21,47,943
Mona Leaves-a,419,19,https://www.imdb.com/title/tt1225550/ratings?ref_=tt_ov_rt,168,71,155,251,126,62,26,21,13,59,952
All About Lisa,420,19,https://www.imdb.com/title/tt1226562/ratings?ref_=tt_ov_rt,140,40,89,176,200,79,37,30,16,60,867
"Sex, Pies, and Idiot Scrapes",421,20,https://www.imdb.com/title/tt1289258/ratings?ref_=tt_ov_rt,231,100,229,296,131,48,35,20,16,67,1173
Lost Verizon,422,20,https://www.imdb.com/title/tt1291175/ratings?ref_=tt_ov_rt,181,73,151,291,156,63,32,19,19,53,1038
"Double, Double, Boy in Trouble",423,20,https://www.imdb.com/title/tt1291174/ratings?ref_=tt_ov_rt,183,70,141,272,152,62,31,20,12,60,1003
Treehouse of Horror XIX,424,20,https://www.imdb.com/title/tt1291168/ratings?ref_=tt_ov_rt,228,108,199,265,145,86,35,26,17,64,1173
Dangerous Curves,425,20,https://www.imdb.com/title/tt1291169/ratings?ref_=tt_ov_rt,127,56,110,213,207,85,34,20,25,61,938
Homer and Lisa Exchange Cross Words,426,20,https://www.imdb.com/title/tt1291170/ratings?ref_=tt_ov_rt,143,66,162,269,147,58,24,20,7,44,940
Mypods and Boomsticks,427,20,https://www.imdb.com/title/tt1291171/ratings?ref_=tt_ov_rt,209,112,182,260,130,61,36,21,21,72,1104
The Burns and the Bees,428,20,https://www.imdb.com/title/tt1291172/ratings?ref_=tt_ov_rt,137,50,109,232,179,87,41,28,23,56,942
Lisa the Drama Queen,429,20,https://www.imdb.com/title/tt1291173/ratings?ref_=tt_ov_rt,141,45,85,150,257,129,71,51,31,106,1066
"Take My Life, Please",430,20,https://www.imdb.com/title/tt1291155/ratings?ref_=tt_ov_rt,124,66,143,272,133,58,29,21,9,44,899
How the Test Was Won,431,20,https://www.imdb.com/title/tt1291156/ratings?ref_=tt_ov_rt,125,73,139,264,138,66,17,18,18,48,906
"No Loan Again, Naturally",432,20,https://www.imdb.com/title/tt1291157/ratings?ref_=tt_ov_rt,123,66,126,271,129,51,33,28,17,49,893
Gone Maggie Gone,433,20,https://www.imdb.com/title/tt1291158/ratings?ref_=tt_ov_rt,222,98,176,240,107,58,29,26,17,60,1033
In the Name of the Grandfather,434,20,https://www.imdb.com/title/tt1291159/ratings?ref_=tt_ov_rt,119,45,104,196,211,88,48,29,27,76,943
Wedding for Disaster,435,20,https://www.imdb.com/title/tt1291160/ratings?ref_=tt_ov_rt,121,49,113,217,160,72,26,22,27,53,860
"Eeny Teeny Maya, Moe",436,20,https://www.imdb.com/title/tt1291161/ratings?ref_=tt_ov_rt,137,76,191,269,117,50,16,19,13,43,931
"The Good, the Sad and the Drugly",437,20,https://www.imdb.com/title/tt1291162/ratings?ref_=tt_ov_rt,189,79,171,248,126,44,24,21,14,45,961
Father Knows Worst,438,20,https://www.imdb.com/title/tt1291163/ratings?ref_=tt_ov_rt,155,64,128,260,116,69,20,16,18,42,888
Waverly Hills 9-0-2-1-(Annoying Grunt),439,20,https://www.imdb.com/title/tt1291164/ratings?ref_=tt_ov_rt,180,81,182,246,131,54,27,21,12,47,981
Four Great Women and a Manicure,440,20,https://www.imdb.com/title/tt1291165/ratings?ref_=tt_ov_rt,123,50,104,158,217,97,35,30,25,77,916
Coming to Homerica,441,20,https://www.imdb.com/title/tt1291166/ratings?ref_=tt_ov_rt,232,79,198,227,105,63,18,27,16,53,1018
